{
  "hash": "d7ece98c",
  "configHash": "7ada9cbe",
  "lockfileHash": "7a822769",
  "browserHash": "c5236207",
  "optimized": {
    "@angular/core": {
      "src": "../../../../../../node_modules/@angular/core/fesm2022/core.mjs",
      "file": "@angular_core.js",
      "fileHash": "125f0f40",
      "needsInterop": false
    },
    "@angular/platform-browser": {
      "src": "../../../../../../node_modules/@angular/platform-browser/fesm2022/platform-browser.mjs",
      "file": "@angular_platform-browser.js",
      "fileHash": "342a4f63",
      "needsInterop": false
    },
    "@angular/router": {
      "src": "../../../../../../node_modules/@angular/router/fesm2022/router.mjs",
      "file": "@angular_router.js",
      "fileHash": "d85fcaeb",
      "needsInterop": false
    },
    "@primeng/themes/aura": {
      "src": "../../../../../../node_modules/@primeng/themes/aura/index.mjs",
      "file": "@primeng_themes_aura.js",
      "fileHash": "b4194e83",
      "needsInterop": false
    },
    "PrimeNG/button": {
      "src": "../../../../../../node_modules/PrimeNG/fesm2022/primeng-button.mjs",
      "file": "PrimeNG_button.js",
      "fileHash": "f57319a9",
      "needsInterop": false
    },
    "primeng/api": {
      "src": "../../../../../../node_modules/primeng/fesm2022/primeng-api.mjs",
      "file": "primeng_api.js",
      "fileHash": "5d74898b",
      "needsInterop": false
    },
    "primeng/config": {
      "src": "../../../../../../node_modules/primeng/fesm2022/primeng-config.mjs",
      "file": "primeng_config.js",
      "fileHash": "badf0e85",
      "needsInterop": false
    }
  },
  "chunks": {
    "chunk-C4OLYKYL": {
      "file": "chunk-C4OLYKYL.js"
    },
    "chunk-RJSZJYLR": {
      "file": "chunk-RJSZJYLR.js"
    },
    "chunk-LQRFDBJF": {
      "file": "chunk-LQRFDBJF.js"
    },
    "chunk-5SG6DHNN": {
      "file": "chunk-5SG6DHNN.js"
    },
    "chunk-DGS7NSVX": {
      "file": "chunk-DGS7NSVX.js"
    },
    "chunk-WDMUDEB6": {
      "file": "chunk-WDMUDEB6.js"
    }
  }
}