{
  "hash": "2ca0c4e7",
  "configHash": "c390f4cb",
  "lockfileHash": "7a822769",
  "browserHash": "291d158d",
  "optimized": {
    "@angular/core": {
      "src": "../../../../../../node_modules/@angular/core/fesm2022/core.mjs",
      "file": "@angular_core.js",
      "fileHash": "01cc38b2",
      "needsInterop": false
    },
    "@angular/platform-browser": {
      "src": "../../../../../../node_modules/@angular/platform-browser/fesm2022/platform-browser.mjs",
      "file": "@angular_platform-browser.js",
      "fileHash": "c498f707",
      "needsInterop": false
    },
    "@angular/platform-server": {
      "src": "../../../../../../node_modules/@angular/platform-server/fesm2022/platform-server.mjs",
      "file": "@angular_platform-server.js",
      "fileHash": "569d4fdc",
      "needsInterop": false
    },
    "@angular/router": {
      "src": "../../../../../../node_modules/@angular/router/fesm2022/router.mjs",
      "file": "@angular_router.js",
      "fileHash": "6f2f3842",
      "needsInterop": false
    },
    "@angular/ssr": {
      "src": "../../../../../../node_modules/@angular/ssr/fesm2022/ssr.mjs",
      "file": "@angular_ssr.js",
      "fileHash": "f0ba0b2c",
      "needsInterop": false
    },
    "@angular/ssr/node": {
      "src": "../../../../../../node_modules/@angular/ssr/fesm2022/node.mjs",
      "file": "@angular_ssr_node.js",
      "fileHash": "9a2dfc80",
      "needsInterop": false
    },
    "@primeng/themes/aura": {
      "src": "../../../../../../node_modules/@primeng/themes/aura/index.mjs",
      "file": "@primeng_themes_aura.js",
      "fileHash": "c7cfbc4d",
      "needsInterop": false
    },
    "PrimeNG/button": {
      "src": "../../../../../../node_modules/PrimeNG/fesm2022/primeng-button.mjs",
      "file": "PrimeNG_button.js",
      "fileHash": "4f4cfa32",
      "needsInterop": false
    },
    "express": {
      "src": "../../../../../../node_modules/express/index.js",
      "file": "express.js",
      "fileHash": "95f15f78",
      "needsInterop": true
    },
    "primeng/api": {
      "src": "../../../../../../node_modules/primeng/fesm2022/primeng-api.mjs",
      "file": "primeng_api.js",
      "fileHash": "7e15e7c6",
      "needsInterop": false
    },
    "primeng/config": {
      "src": "../../../../../../node_modules/primeng/fesm2022/primeng-config.mjs",
      "file": "primeng_config.js",
      "fileHash": "c6f9bf2d",
      "needsInterop": false
    }
  },
  "chunks": {
    "xhr2-TXIMV6CV": {
      "file": "xhr2-TXIMV6CV.js"
    },
    "chunk-HDCQJ5PX": {
      "file": "chunk-HDCQJ5PX.js"
    },
    "chunk-FL5QGOAF": {
      "file": "chunk-FL5QGOAF.js"
    },
    "chunk-ZJ22MQXI": {
      "file": "chunk-ZJ22MQXI.js"
    },
    "chunk-TWJPNKJE": {
      "file": "chunk-TWJPNKJE.js"
    },
    "chunk-FF47XQXI": {
      "file": "chunk-FF47XQXI.js"
    },
    "chunk-TQZYBLYG": {
      "file": "chunk-TQZYBLYG.js"
    },
    "chunk-32WICQAY": {
      "file": "chunk-32WICQAY.js"
    },
    "chunk-FPO3XRGI": {
      "file": "chunk-FPO3XRGI.js"
    },
    "chunk-YHCV7DAQ": {
      "file": "chunk-YHCV7DAQ.js"
    }
  }
}